name, image-1,decription-image-1,title-1,tags-1,image-2, decription-2,title-2,tags-2,image-3,discription-3,title-3,tags-3,bio,location,age,gender
john, https://png001, johns selfie, boi, johnDoe|Pic|zed, http://img002, this blerb, title, tag|stuff|things, https://gif303, another decription, heading, tag|things|hahahah, I like to be tedious, pretoria, 60, male
jeff, http://png004, jeff selfie, damn son, tags|watch|idk, http://img005, this sucks, another one, tag1|tag2|tag3, https://gif606, description6, heading6, tag6.1|tag6.2|tag6.3, boi this is jeffs bi0, cape town, 20, male
timothy, http://png007, timothy selfie, sup boi, tag71|tag72|tag73, https:img008, Alice 8, title 8, tag8.1|tag8.2|tag8.3, https://gif609, alice decription 9, title 9, tag9.1|tag9.2|tag9.3, Alice bi0, cape town, 31, female
paul, http://png010, this is pual first pic, decript10, tag101|tag102|tag103, https://img011, akira 11, title 11, tag111|tag112|tag113, https://gif012, akira descript 12, title 12, tag12.1|tag12.2|tag12.3, Akira bia, Port Elizabeth, 18, female
jeffory, http://png004, this is jeffory first pic, damn son, tags|watch|idk, http://img005, this sucks, another one, tag1|tag2|tag3, https://gif006, description6, heading6, tag6.1|tag6.2|tag6.3, boi this is jeffs bi0, cape town, 20, male
sam, http://png007, this is sam first pic, sup boi, tag71|tag72|tag73, https:img008, Alice 8, title 8, tag8.1|tag8.2|tag8.3, https://gif009, alice decription 9, title 9, tag9.1|tag9.2|tag9.3, Alice bi0, cape town, 31, female
emily, http://png010, this is emily first pic, decript10, tag101|tag102|tag103, https://img011, akira 11, title 11, tag11.1|tag11.2|tag11.3, https://gif012, akira descript 12, title 12, tag12.1|tag12.2|tag12.3, Akira bia, Port Elizabeth, 18, female
jonathan, http://png004, this is jonathan first pic, damn son, tags|watch|idk, http://img005, this sucks, another one, tag1|tag2|tag3, https://gif006, description6, heading6, tag6.1|tag6.2|tag6.3, boi this is jeffs bi0, cape town, 20, male
bishop, http://png007, this is bishop first pic, sup boi, tag71|tag72|tag73, https:img008, Alice 8, title 8, tag8.1|tag8.2|tag8.3, https://gif009, alice decription 9, title 9, tag9.1|tag9.2|tag9.3, Alice bi0, cape town, 31, female
amirio, http://png010, this is amirio first pic, decript10, tag101|tag102|tag103, https://img011, akira 11, title 11, tag11.1|tag11.2|tag11.3, https://gif012, akira descript 12, title 12, tag12.1|tag12.2|tag12.3, Akira bia, Port Elizabeth, 18, female
chris, http://png004, this is chris first pic, damn son, tags|watch|idk, http://img005, this sucks, another one, tag1|tag2|tag3, https://gif006, description6, heading6, tag6.1|tag6.2|tag6.3, boi this is jeffs bi0, cape town, 20, male
jayjay, http://png007, this is jayjay first pic, sup boi, tag71|tag72|tag73, https:img008, Alice 8, title 8, tag8.1|tag8.2|tag8.3, https://gif009, alice decription 9, title 9, tag9.1|tag9.2|tag9.3, Alice bi0, cape town, 31, female
mia, http://png010, this is mia first pic, decript10, tag101|tag102|tag103, https://img011, akira 11, title 11, tag11.1|tag11.2|tag11.3, https://gif12, akira descript 12, title 12, tag12.1|tag12.2|tag12.3, Akira bia, Port Elizabeth, 18, female